{
  "requests": 100,
  "successful_requests": 100,
  "errors": 0,
  "total_time": 0.04884195327758789,
  "rps": 2047.4201642113073,
  "avg_latency": 0.4860067367553711,
  "min_latency": 0.3871917724609375,
  "max_latency": 0.8280277252197266
}