{
  "timestamp": "2026-07-20T05-48-11",
  "results": {
    "GET /health": 87437.0,
    "GET /": 87295.52,
    "GET /json": 82590.88,
    "GET /users/123": 84394.32,
    "POST /items": 48355.48,
    "GET /status201": 75662.38
  },
  "detailed": {
    "GET /health": {
      "requests_per_second": 87437.0,
      "latency_avg_ms": 0.29161000000000004,
      "latency_p99_ms": 1.14
    },
    "GET /": {
      "requests_per_second": 87295.52,
      "latency_avg_ms": 0.22571000000000002,
      "latency_p99_ms": 0.92
    },
    "GET /json": {
      "requests_per_second": 82590.88,
      "latency_avg_ms": 0.21868,
      "latency_p99_ms": 0.571
    },
    "GET /users/123": {
      "requests_per_second": 84394.32,
      "latency_avg_ms": 0.27365,
      "latency_p99_ms": 0.802
    },
    "POST /items": {
      "requests_per_second": 48355.48,
      "latency_avg_ms": 0.44259,
      "latency_p99_ms": 0.99
    },
    "GET /status201": {
      "requests_per_second": 75662.38,
      "latency_avg_ms": 0.23451,
      "latency_p99_ms": 0.86
    }
  },
  "commit": "8365e9e97728eabdeca43c67b9d8077bf5b84c44",
  "runner": "ci-main",
  "os": "ubuntu-latest",
  "vcpus": "2",
  "duration": 10,
  "threads": 4,
  "connections": 100,
  "workers": 24
}