{
  "timestamp": "2026-05-18T06-23-21",
  "results": {
    "GET /health": 87797.12,
    "GET /": 86780.82,
    "GET /json": 83886.39,
    "GET /users/123": 81064.0,
    "POST /items": 48310.08,
    "GET /status201": 79357.39
  },
  "detailed": {
    "GET /health": {
      "requests_per_second": 87797.12,
      "latency_avg_ms": 0.21081999999999998,
      "latency_p99_ms": 0.97
    },
    "GET /": {
      "requests_per_second": 86780.82,
      "latency_avg_ms": 0.20959,
      "latency_p99_ms": 0.87
    },
    "GET /json": {
      "requests_per_second": 83886.39,
      "latency_avg_ms": 0.25217,
      "latency_p99_ms": 0.825
    },
    "GET /users/123": {
      "requests_per_second": 81064.0,
      "latency_avg_ms": 0.20847,
      "latency_p99_ms": 0.62
    },
    "POST /items": {
      "requests_per_second": 48310.08,
      "latency_avg_ms": 0.43101999999999996,
      "latency_p99_ms": 1.05
    },
    "GET /status201": {
      "requests_per_second": 79357.39,
      "latency_avg_ms": 0.26027999999999996,
      "latency_p99_ms": 0.75
    }
  },
  "commit": "8df14b6a924498501b640f967e39e448797721d9",
  "runner": "ci-main",
  "os": "ubuntu-latest",
  "vcpus": "2",
  "duration": 10,
  "threads": 4,
  "connections": 100,
  "workers": 24
}