{
  "requests": 1000,
  "success": 1000,
  "total_time": 0.1367969512939453,
  "rps": 7310.104432453535,
  "avg_latency": 0.6441071033477783
}