{
  "requests": 1000,
  "success": 1000,
  "total_time": 0.04892897605895996,
  "rps": 20437.78718759593,
  "avg_latency": 0.2180778980255127
}